horizon,horizon_seconds,feature_set,n_features,roc_auc_val,pr_auc_val,roc_auc_test,pr_auc_test,best_decision_threshold_by_val_f1,val_accuracy_at_best_threshold,val_precision_at_best_threshold,val_recall_at_best_threshold,val_f1_at_best_threshold,test_accuracy_at_best_threshold,test_precision_at_best_threshold,test_recall_at_best_threshold,test_f1_at_best_threshold
10min,600,local_depth+total_depth+imbalance,12,0.8998912643959812,0.44394135562101755,0.8861897377655469,0.32566655104696096,0.8,0.9225880993645291,0.3581780538302277,0.6528301886792452,0.4625668449197861,0.904544656957361,0.38191881918819187,0.49759615384615385,0.4321503131524008
10min,600,local_depth+total_depth,9,0.9026448787061995,0.44606013818018414,0.8848460774035732,0.32340898849428346,0.7,0.911419218178317,0.33668341708542715,0.7584905660377359,0.46635730858468677,0.8933146165994034,0.3670360110803324,0.6370192307692307,0.46572934973637964
10min,600,price+local_depth+total_depth+imbalance,18,0.9037506125949522,0.42943341483252684,0.8853966459907686,0.3162983928399207,0.8,0.919892162526478,0.3486973947895792,0.6566037735849056,0.45549738219895286,0.9017371468678715,0.37919463087248323,0.5432692307692307,0.44664031620553357
10min,600,price+local_depth+total_depth,15,0.9075961774074982,0.4374909968863185,0.8831242992763435,0.3134322248580529,0.8,0.9202772963604853,0.3488843813387424,0.6490566037735849,0.45382585751978893,0.9048955957185472,0.3902439024390244,0.5384615384615384,0.45252525252525255
7min30s,450,local_depth+total_depth+imbalance,12,0.9094028639064557,0.4045467784788692,0.8952838687371869,0.3110210483790509,0.8,0.9182027649769585,0.33874239350912777,0.6254681647940075,0.4394736842105263,0.9029550620737892,0.34375,0.4857142857142857,0.4025834230355221
7min30s,450,local_depth+total_depth,9,0.9109408624768524,0.4073818634864393,0.8946751785896894,0.30996530666490113,0.7,0.9105222734254992,0.333889816360601,0.7490636704119851,0.4618937644341801,0.8971848225214198,0.3592233009708738,0.6727272727272727,0.46835443037974683
7min,420,local_depth+total_depth+imbalance,12,0.9134082048386728,0.38677047874725595,0.8994517561183701,0.30960991454441633,0.8,0.9178660525810785,0.33535353535353535,0.6264150943396226,0.4368421052631579,0.9037218242180675,0.34363636363636363,0.49868073878627966,0.4068891280947255
8min30s,510,local_depth+total_depth+imbalance,12,0.8988257404566548,0.40488812503891264,0.890661936821401,0.30923355072108827,0.8,0.9163783160322952,0.3186372745490982,0.6259842519685039,0.42231075697211157,0.9042199264577132,0.35261194029850745,0.48586118251928023,0.40864864864864864
8min30s,510,local_depth+total_depth,9,0.8998274973106132,0.40558370319696485,0.8899354573198122,0.30857699925722387,0.7,0.9008073817762399,0.29595015576323985,0.7480314960629921,0.42410714285714285,0.8956399929959726,0.3548387096774194,0.6503856041131105,0.4591651542649728
9min30s,570,local_depth+total_depth,9,0.8984799353157404,0.42609025290427827,0.8821969520745965,0.3081667542252121,0.7,0.909545804464973,0.3277870216306156,0.7490494296577946,0.45601851851851855,0.8942661756970016,0.35614525139664804,0.6423173803526449,0.4582210242587601
7min,420,local_depth+total_depth,9,0.9152232793414157,0.38826496666786653,0.8986820224985386,0.30797337323120744,0.7,0.9025139128766072,0.31045241809672386,0.7509433962264151,0.4392935982339956,0.8974314170889394,0.356353591160221,0.6807387862796834,0.46781504986400724
9min30s,570,local_depth+total_depth+imbalance,12,0.8967618560189426,0.42493086587018514,0.8828886266296128,0.3078878999142066,0.8,0.9195535026943803,0.3408624229979466,0.6311787072243346,0.44266666666666665,0.9040855689987726,0.3626373626373626,0.4987405541561713,0.41993637327677624
9min,540,local_depth+total_depth,9,0.8982330030135433,0.41542850857119756,0.8856039210841592,0.3067683618787134,0.7,0.9015195229851894,0.30407523510971785,0.7404580152671756,0.4311111111111111,0.8950411775013142,0.3557422969187675,0.6463104325699746,0.45889792231255644
6min30s,390,local_depth+total_depth+imbalance,12,0.9185168024505451,0.3788968905955169,0.9035966830111898,0.3053450608906606,0.8,0.917337936325278,0.3373015873015873,0.6367041198501873,0.4409857328145266,0.9050113497468133,0.33754512635379064,0.5137362637362637,0.4074074074074074
9min,540,local_depth+total_depth+imbalance,12,0.8966411904500524,0.4118309450415285,0.8859448516138175,0.30497308831279113,0.8,0.9161377187920754,0.3245967741935484,0.6145038167938931,0.42480211081794195,0.9048536884527772,0.36059479553903345,0.49363867684478374,0.4167561761546724
6min30s,390,local_depth+total_depth,9,0.9197523713914308,0.3797608873742192,0.9027627230125832,0.3039519834448163,0.7,0.9079401611047181,0.32794830371567046,0.7602996254681648,0.4582392776523702,0.8982015016588092,0.3497942386831276,0.7005494505494505,0.46660567246111617
8min,480,local_depth+total_depth+imbalance,12,0.9012750366235603,0.3965999541391469,0.8921621017845212,0.30380511752964295,0.8,0.9171950048030739,0.32323232323232326,0.625,0.42609853528628494,0.9027121609798775,0.33826247689463956,0.48031496062992124,0.3969631236442516
8min,480,local_depth+total_depth,9,0.9029759799959588,0.3990941336947629,0.8918358630368054,0.30343585795563577,0.7,0.9085494716618636,0.31543624161073824,0.734375,0.4413145539906103,0.8951881014873141,0.3473389355742297,0.6509186351706037,0.4529680365296804
7min30s,450,price+local_depth+total_depth+imbalance,18,0.9104496731847789,0.38874881111608406,0.8913230002093895,0.30291544235394785,0.8,0.9185867895545314,0.34637964774951074,0.6629213483146067,0.455012853470437,0.901031648889666,0.34686971235194586,0.5324675324675324,0.42008196721311475
6min,360,local_depth+total_depth+imbalance,12,0.9224154017461104,0.3647781556088503,0.9055237676056338,0.30249961966129607,0.7,0.8999424956871765,0.3063063063063063,0.7727272727272727,0.43870967741935485,0.8986215320188449,0.34646739130434784,0.7183098591549296,0.4674610449129239
6min,360,local_depth+total_depth,9,0.9227220723283716,0.3640070699006743,0.9049610160965795,0.30247981260318724,0.8,0.9175771516197048,0.33661417322834647,0.6477272727272727,0.4430051813471503,0.9082184610015704,0.3448275862068966,0.5352112676056338,0.4194260485651214
7min,420,price+local_depth+total_depth+imbalance,18,0.9152110720307625,0.37795366577662426,0.8967608977296067,0.302100154448402,0.8,0.9182498560736903,0.344294003868472,0.6716981132075471,0.45524296675191817,0.9019744889044208,0.34576271186440677,0.5382585751978892,0.42105263157894735
8min30s,510,price+local_depth+total_depth+imbalance,18,0.9007560519163076,0.38753951109428936,0.8877796873626378,0.3014417243452425,0.8,0.9161860822760477,0.3236434108527132,0.65748031496063,0.43376623376623374,0.9010681141656453,0.35034013605442177,0.5295629820051414,0.4216990788126919
7min30s,450,price+local_depth+total_depth,15,0.914959063768953,0.39627811104284477,0.8898392571058488,0.3011523456508819,0.8,0.9170506912442397,0.3385518590998043,0.6479400749063671,0.44473007712082263,0.9012065046336772,0.34429065743944637,0.5168831168831168,0.4132917964693666
6min30s,390,price+local_depth+total_depth+imbalance,18,0.9200377938734859,0.3752894269494853,0.9020378744879958,0.3003556306512933,0.8,0.9177215189873418,0.3448275862068966,0.6741573033707865,0.45627376425855515,0.9023921774052732,0.3350253807106599,0.5439560439560439,0.41465968586387436
8min,480,price+local_depth+total_depth+imbalance,18,0.9037763310769853,0.38010696336452593,0.8895831918647964,0.29949794651338263,0.8,0.915850144092219,0.3229571984435798,0.6484375,0.43116883116883115,0.9009623797025372,0.34295415959252973,0.5301837270341208,0.41649484536082476
8min30s,510,price+local_depth+total_depth,15,0.904616674835613,0.395464868646348,0.8859432012821589,0.2993939015493943,0.8,0.9152249134948097,0.3163064833005894,0.6338582677165354,0.42201834862385323,0.9019436175801085,0.3507853403141361,0.5167095115681234,0.4178794178794179
7min,420,price+local_depth+total_depth,15,0.9197170955756128,0.3843582551324031,0.8949809813091494,0.29907742093810663,0.8,0.917098445595855,0.33849129593810445,0.660377358490566,0.4475703324808184,0.9016250218416915,0.3408304498269896,0.5197889182058048,0.4117032392894462
6min30s,390,price+local_depth+total_depth,15,0.923542357983388,0.3805971037368744,0.9003919816897628,0.29860629171381564,0.8,0.9167625623321826,0.33911368015414256,0.6591760299625468,0.44783715012722647,0.9032652348524532,0.33620689655172414,0.5357142857142857,0.413135593220339
9min30s,570,price+local_depth+total_depth+imbalance,18,0.8997393976625181,0.41488893198281845,0.881439290722636,0.2983990376942021,0.8,0.9182063125481139,0.3405511811023622,0.6577946768060836,0.4487678339818418,0.8998772575837278,0.3530405405405405,0.5264483627204031,0.42264914054600605
9min,540,price+local_depth+total_depth,15,0.9029241728218298,0.4069310134115222,0.8816506592121631,0.29824582025699853,0.8,0.9151759953837276,0.3227722772277228,0.6221374045801527,0.42503259452411996,0.9034519011739969,0.3628472222222222,0.5318066157760815,0.43137254901960786
9min30s,570,price+local_depth+total_depth,15,0.9038091413534519,0.4228758220843282,0.8798252251858787,0.29817466482574284,0.8,0.9172440338722094,0.3333333333333333,0.6349809885931559,0.43717277486910994,0.9035595300718919,0.36649214659685864,0.5289672544080605,0.4329896907216495
9min,540,price+local_depth+total_depth+imbalance,18,0.8993478129778723,0.39635814744968545,0.882937767728627,0.2979961529463166,0.8,0.9153683400653972,0.3281853281853282,0.648854961832061,0.4358974358974359,0.9018748904853688,0.3572649572649573,0.5318066157760815,0.4274028629856851
8min,480,price+local_depth+total_depth,15,0.9073147668720952,0.3870220868667684,0.887858997940218,0.2972373634445881,0.8,0.9160422670509126,0.32220039292730845,0.640625,0.4287581699346405,0.9014873140857392,0.34146341463414637,0.5144356955380578,0.41047120418848165
6min,360,price+local_depth+total_depth,15,0.9272288297878849,0.36559916483614435,0.9024558811200537,0.29660759635518547,0.8,0.9164270653632356,0.33587786259541985,0.6666666666666666,0.4467005076142132,0.9050776478799512,0.34223706176961605,0.5774647887323944,0.429769392033543
6min,360,price+local_depth+total_depth+imbalance,18,0.9241651830234507,0.3610242245415177,0.9036898474178403,0.29634880067183067,0.8,0.9164270653632356,0.3389513108614232,0.6856060606060606,0.45363408521303256,0.903158262083406,0.33818770226537215,0.5887323943661972,0.4295991778006166
5min30s,330,local_depth+total_depth,9,0.9194796836228287,0.3473211454371695,0.9047648319982055,0.29279488902836054,0.8,0.9170498084291188,0.32938856015779094,0.6423076923076924,0.43546284224250326,0.9068875326939843,0.3285198555956679,0.5290697674418605,0.4053452115812918
5min30s,330,local_depth+total_depth+imbalance,12,0.9201341501240694,0.34731792748718204,0.9050829763645697,0.2904091791358954,0.7,0.9007662835249042,0.303951367781155,0.7692307692307693,0.4357298474945534,0.8990409764603313,0.3405698778833107,0.7296511627906976,0.46438482886216464
5min30s,330,price+local_depth+total_depth,15,0.9243377791563275,0.3505952541641556,0.9035283827913015,0.2895111660647937,0.8,0.9157088122605364,0.330188679245283,0.6730769230769231,0.4430379746835443,0.9054925893635571,0.3360927152317881,0.5901162790697675,0.4282700421940928
5min30s,330,price+local_depth+total_depth+imbalance,18,0.9227434863523574,0.34863270322176204,0.9047831657413519,0.2886386744005582,0.8,0.9153256704980843,0.3302238805970149,0.6807692307692308,0.44472361809045224,0.9040976460331299,0.3322475570032573,0.5930232558139535,0.42588726513569936
5min,300,local_depth+total_depth,9,0.9218729007120784,0.3472702804139157,0.9047806861361904,0.2804653734767937,0.8,0.9182462186482864,0.33725490196078434,0.6590038314176245,0.4461738002594034,0.9053842132775745,0.3063063063063063,0.5182926829268293,0.38505096262740657
5min,300,local_depth+total_depth+imbalance,12,0.9223910146230123,0.34745566544208084,0.9051565014356482,0.27824262714858283,0.8,0.9182462186482864,0.33661417322834647,0.6551724137931034,0.4447334200260078,0.9045129813556368,0.304270462633452,0.5213414634146342,0.3842696629213483
5min,300,price+local_depth+total_depth,15,0.9260788119980048,0.3497495432450046,0.9032712270848453,0.27583258920396175,0.8,0.9174803752632587,0.3390151515151515,0.685823754789272,0.45373891001267425,0.9039902422024743,0.3144758735440932,0.5762195121951219,0.4068891280947255
4min,240,local_depth+total_depth,9,0.9180410082707138,0.2985293442097768,0.9102975330048383,0.2751841522815783,0.8,0.9189137502390514,0.3207171314741036,0.6598360655737705,0.4316353887399464,0.9058639290064382,0.29326047358834245,0.5127388535031847,0.373117033603708
5min,300,price+local_depth+total_depth+imbalance,18,0.9241252677436642,0.3469795331506872,0.9047592753695048,0.274286702852603,0.8,0.9163316101857171,0.3352059925093633,0.685823754789272,0.45031446540880504,0.9020735319742116,0.31006493506493504,0.5823170731707317,0.4046610169491525
4min,240,local_depth+total_depth+imbalance,12,0.9196704868704475,0.2994950160002534,0.9103016362615346,0.27278644420830706,0.7,0.9072480397781603,0.30842607313195547,0.7950819672131147,0.4444444444444444,0.9009918218200801,0.32510288065843623,0.7547770700636943,0.45445829338446786
4min30s,270,local_depth+total_depth,9,0.921257320680045,0.3321583162202231,0.9067510399566955,0.2700986414318272,0.8,0.9194412552621508,0.33794466403162055,0.6653696498054474,0.44823066841415465,0.9057983632247955,0.2927272727272727,0.5143769968051118,0.373117033603708
4min30s,270,local_depth+total_depth+imbalance,12,0.9230497567408202,0.3347562599898953,0.9071428991697997,0.26796463245073043,0.7,0.9094910065059318,0.32636655948553056,0.7898832684824902,0.46188850967007966,0.8991816123977016,0.3173076923076923,0.7380191693290735,0.4438040345821326
3min30s,210,local_depth+total_depth,9,0.9145966078739187,0.28050346393699455,0.9140284398810251,0.2674507022577977,0.8,0.9166666666666666,0.298,0.6367521367521367,0.40599455040871935,0.9071465832029212,0.28014842300556586,0.5084175084175084,0.361244019138756
4min,240,price+local_depth+total_depth,15,0.9206521202953122,0.2979881681339902,0.9083953804363756,0.26713481353495455,0.8,0.9175750621533754,0.3225806451612903,0.6967213114754098,0.4409857328145266,0.9067339481468593,0.31561461794019935,0.6050955414012739,0.4148471615720524
4min,240,price+local_depth+total_depth+imbalance,18,0.920203232648766,0.29713569753269164,0.9092857871394557,0.26619985875253216,0.8,0.9160451329126028,0.31568998109640833,0.6844262295081968,0.4320827943078913,0.9072559596311118,0.32137030995106036,0.6273885350318471,0.4250269687162891
3min30s,210,local_depth+total_depth+imbalance,12,0.9167915029259567,0.2836689234359378,0.9141290672277104,0.265700801176837,0.7,0.9057721712538226,0.2934609250398724,0.7863247863247863,0.4274099883855981,0.9007129194922622,0.31077348066298344,0.7575757575757576,0.4407443682664055
4min30s,270,price+local_depth+total_depth,15,0.9250105518024985,0.33191775039981636,0.9054507263516496,0.26415579405427825,0.8,0.918867202449292,0.34215500945179583,0.7042801556420234,0.46055979643765904,0.904579488072436,0.30514096185737977,0.5878594249201278,0.4017467248908297
4min30s,270,price+local_depth+total_depth+imbalance,18,0.9239925671458765,0.3312386459054282,0.9062556263569449,0.26198722527391105,0.8,0.9173363949483353,0.3364485981308411,0.7003891050583657,0.45454545454545453,0.9049277381159673,0.309328968903437,0.6038338658146964,0.4090909090909091
3min30s,210,price+local_depth+total_depth,15,0.9178996384878737,0.28102088842041406,0.9114584297935966,0.25962941352962465,0.8,0.91532874617737,0.29942418426103645,0.6666666666666666,0.41324503311258276,0.9087115284298383,0.30677966101694915,0.6094276094276094,0.4081172491544532
3min30s,210,price+local_depth+total_depth+imbalance,18,0.9177773673571994,0.2823931998887758,0.9123504943086901,0.2596170286880115,0.8,0.9143730886850153,0.29734848484848486,0.6709401709401709,0.4120734908136483,0.9092331768388107,0.3102866779089376,0.6195286195286195,0.4134831460674157
2min30s,150,local_depth+total_depth,9,0.9236657572218481,0.27632902038092894,0.9198324671658891,0.25059534002919875,0.7,0.9083619702176403,0.2696817420435511,0.7853658536585366,0.4014962593516209,0.9025872547317243,0.28405797101449276,0.7452471482889734,0.41133263378803775
2min30s,150,local_depth+total_depth+imbalance,12,0.9232053810703018,0.2903909644435002,0.9205360552576087,0.2502746310866438,0.7,0.9083619702176403,0.27121464226289516,0.7951219512195122,0.4044665012406948,0.9011981246744226,0.2808022922636103,0.7452471482889734,0.40790842872008326
3min,180,local_depth+total_depth,9,0.9194052149297891,0.27202369908027435,0.9155872098228903,0.2501926284636733,0.7,0.907163323782235,0.28175895765472314,0.7935779816513762,0.41586538461538464,0.9007819287576021,0.28714285714285714,0.7362637362637363,0.4131551901336074
2min,120,local_depth+total_depth,9,0.9264260612862009,0.307701329000292,0.9259205100459158,0.24776979215064293,0.7,0.9116580805189849,0.27319587628865977,0.7989949748743719,0.40717029449423814,0.9045635953496443,0.27988338192419826,0.7741935483870968,0.41113490364025695
3min,180,local_depth+total_depth+imbalance,12,0.9208160145413848,0.2780562148868714,0.915422167519942,0.2470105428006431,0.7,0.9069723018147087,0.2813008130081301,0.7935779816513762,0.41536614645858344,0.9006081668114683,0.2867332382310984,0.7362637362637363,0.4127310061601643
2min,120,local_depth+total_depth+imbalance,12,0.9257084709545348,0.3165002142225441,0.926402333811014,0.24672118152839598,0.7,0.9133753100553329,0.27902946273830154,0.8090452261306532,0.41494845360824745,0.9042165538781884,0.27906976744186046,0.7741935483870968,0.41025641025641024
2min,120,price+local_depth+total_depth+imbalance,18,0.9279967867899594,0.3139304700764428,0.9249919574181851,0.24141270794873881,0.8,0.9200534249189086,0.2764227642276423,0.6834170854271356,0.39363241678726485,0.9095956966857539,0.25493716337522443,0.5725806451612904,0.3527950310559006
2min30s,150,price+local_depth+total_depth+imbalance,18,0.9248666120676705,0.2791929311905846,0.9183256678898168,0.2410337899289983,0.8,0.9173348606338297,0.2701612903225806,0.6536585365853659,0.38231098430813126,0.9064073623893038,0.25704225352112675,0.5551330798479087,0.35138387484957884
2min,120,price+local_depth+total_depth,15,0.9294887766878821,0.30076384284930474,0.9233066709560436,0.24022106141763372,0.8,0.9210074413279908,0.2792607802874743,0.6834170854271356,0.3965014577259475,0.9099427381572098,0.25585585585585585,0.5725806451612904,0.35367372353673726
3min,180,price+local_depth+total_depth,15,0.9213618650716006,0.27043130575092295,0.9129198054772661,0.24006008595219924,0.8,0.9163323782234957,0.2826086956521739,0.6559633027522935,0.39502762430939226,0.9046046915725456,0.26610169491525426,0.575091575091575,0.3638470451911935
2min30s,150,price+local_depth+total_depth,15,0.9267730539415467,0.27500329858681,0.9167655979322674,0.23982688534227173,0.8,0.919053073692249,0.2769857433808554,0.6634146341463415,0.39080459770114945,0.9067546449036291,0.25535714285714284,0.5437262357414449,0.34750911300121506
3min,180,price+local_depth+total_depth+imbalance,18,0.9214185530663634,0.27294643008062924,0.9137810991149189,0.23969775987760414,0.8,0.9157593123209169,0.28007889546351084,0.6513761467889908,0.3917241379310345,0.9058210251954822,0.27008547008547007,0.5787545787545788,0.3682983682983683
10min,600,price+total_depth+imbalance,12,0.863552897574124,0.33630088468415503,0.7879592015026428,0.229455658096701,0.8,0.9393414211438474,0.4074074074074074,0.41509433962264153,0.411214953271028,0.8815581680996666,0.2747826086956522,0.3798076923076923,0.31886982845610495
1min30s,90,local_depth+total_depth,9,0.9292323369805593,0.2591049071171202,0.9293536993940112,0.2209450296017511,0.7,0.912090007627765,0.2393617021276596,0.8083832335329342,0.3693570451436389,0.903936188659615,0.24107142857142858,0.7864077669902912,0.3690205011389522
10min,600,total_depth+imbalance,6,0.8041311872090173,0.2905877162861901,0.8064878820308974,0.21833587095875945,0.7,0.9145002888503755,0.2979683972911964,0.4981132075471698,0.3728813559322034,0.8557641691524829,0.2512254901960784,0.49278846153846156,0.3327922077922078
1min30s,90,local_depth+total_depth+imbalance,12,0.9262943484706774,0.2614709358535201,0.9291860966544049,0.21703779417629868,0.7,0.9118993135011442,0.23985890652557318,0.8143712574850299,0.37057220708446864,0.9023755852262875,0.2363367799113737,0.7766990291262136,0.362400906002265
1min30s,90,price+local_depth+total_depth,15,0.9310298056634416,0.25018424114016,0.9264171597271568,0.21519004497151903,0.8,0.9221967963386728,0.24307036247334754,0.6826347305389222,0.3584905660377358,0.9119126062077336,0.22037037037037038,0.5776699029126213,0.3190348525469169
9min30s,570,price+total_depth+imbalance,12,0.8610791449530167,0.3233312718761803,0.7867007645923392,0.21439533108093814,0.8,0.9386066204772903,0.39705882352941174,0.41064638783269963,0.40373831775700936,0.8842714360862703,0.2639138240574506,0.3702770780856423,0.3081761006289308
1min30s,90,price+local_depth+total_depth+imbalance,18,0.9284491878956288,0.25571894898731773,0.9278819378368423,0.21405070210236213,0.8,0.9208619374523265,0.2405857740585774,0.688622754491018,0.35658914728682173,0.9117392058262528,0.2189239332096475,0.5728155339805825,0.3167785234899329
8min30s,510,price+total_depth+imbalance,12,0.8651932857624809,0.30649985419043496,0.7938392219713678,0.21365852450735118,0.8,0.9379084967320261,0.37809187279151946,0.421259842519685,0.3985102420856611,0.8790054281211697,0.24579124579124578,0.37532133676092544,0.2970498474059003
7min30s,450,price+total_depth+imbalance,12,0.8615528403703022,0.29789071877240264,0.7973305284891337,0.21285922072017327,0.8,0.9358678955453149,0.38408304498269896,0.4157303370786517,0.39928057553956836,0.8786501136562336,0.24033613445378152,0.37142857142857144,0.29183673469387755
9min,540,price+total_depth+imbalance,12,0.8632092611175621,0.3084059473609242,0.7900246216963976,0.2125261428772941,0.8,0.9367185997307175,0.38162544169611307,0.4122137404580153,0.3963302752293578,0.8794462940248817,0.24872231686541738,0.37150127226463103,0.2979591836734694
8min,480,price+total_depth+imbalance,12,0.8625274676702364,0.29482967360901174,0.7964914818718527,0.21113088765908397,0.8,0.9377521613832853,0.3811188811188811,0.42578125,0.4022140221402214,0.8797900262467192,0.24414715719063546,0.38320209973753283,0.2982635342185904
7min,420,price+total_depth+imbalance,12,0.8621390260092012,0.2824326666773922,0.8044022443240169,0.21000810373808687,0.8,0.9337938975244675,0.363013698630137,0.4,0.38061041292639136,0.8752402586056264,0.2267536704730832,0.36675461741424803,0.28024193548387094
10min,600,total_depth,3,0.8540270460671405,0.3422518273972504,0.8297955888990812,0.20934622563016764,0.6,0.9079530136722511,0.3081081081081081,0.6452830188679245,0.4170731707317073,0.839796455518512,0.24087591240875914,0.5552884615384616,0.336
6min30s,390,price+total_depth+imbalance,12,0.860995465795106,0.271304839352132,0.8135674226947768,0.2089835405777605,0.8,0.9311469121595704,0.34868421052631576,0.3970037453183521,0.3712784588441331,0.8777719573947966,0.22990353697749197,0.39285714285714285,0.29006085192697767
6min,360,price+total_depth+imbalance,12,0.8608985065677979,0.25706895615605985,0.8165047577129443,0.20610485729538106,0.8,0.9302281004408663,0.3344370860927152,0.38257575757575757,0.3568904593639576,0.8776827778747165,0.2253968253968254,0.4,0.2883248730964467
10min,600,price+total_depth,9,0.9057269970595443,0.3766484098429049,0.7676218349131466,0.2060060562211605,0.6,0.9052570768341999,0.3333333333333333,0.8566037735849057,0.4799154334038055,0.529566590629935,0.12237412470823608,0.8822115384615384,0.21493411420204978
9min30s,570,total_depth+imbalance,6,0.8018466461997611,0.2810077433662364,0.8003396183779401,0.20077292295492347,0.7,0.9135873749037722,0.2914798206278027,0.49429657794676807,0.36671368124118475,0.855339295107838,0.23774509803921567,0.48866498740554154,0.31986809563066776
8min30s,510,total_depth+imbalance,6,0.8089660023297411,0.2660809212664054,0.8033201658923671,0.20003970881982047,0.8,0.9252210688196847,0.30985915492957744,0.4330708661417323,0.361247947454844,0.8597443530029767,0.22010869565217392,0.41645244215938304,0.288
6min,360,price+total_depth,9,0.9143341348065758,0.30365991303215834,0.7973932134473508,0.19994075690410207,0.6,0.900709219858156,0.31378299120234604,0.8106060606060606,0.452431289640592,0.5953585761647182,0.1251908396946565,0.923943661971831,0.22050420168067228
1min,60,local_depth+total_depth+imbalance,12,0.9309836339153152,0.21217168089149027,0.9329874994609182,0.1997823624487019,0.7,0.9127120259195731,0.19962686567164178,0.7867647058823529,0.31845238095238093,0.9036562120949575,0.2132132132132132,0.8160919540229885,0.3380952380952381
5min30s,330,price+total_depth+imbalance,12,0.8611740074441687,0.25732219894830943,0.820223628528167,0.19915570993695306,0.8,0.9319923371647509,0.34219269102990035,0.39615384615384613,0.3672014260249554,0.880209241499564,0.2247191011235955,0.4069767441860465,0.28955532574974147
1min,60,local_depth+total_depth,9,0.9325474466836235,0.20198864047203205,0.9325336438445061,0.19881550219173424,0.7,0.9119496855345912,0.20036764705882354,0.8014705882352942,0.3205882352941177,0.9038294922890313,0.21266968325791855,0.8103448275862069,0.33691756272401435
9min30s,570,total_depth,3,0.8529828215193864,0.3330695710547449,0.8271691854001126,0.19862116184324924,0.5,0.8931870669745958,0.28402366863905326,0.7300380228136882,0.40894568690095845,0.8055409433631422,0.21382636655948553,0.6700251889168766,0.3241925655088361
1min,60,price+local_depth+total_depth+imbalance,18,0.9308325756442275,0.20730264266702486,0.9322194361100671,0.19857432248811735,0.8,0.9231942062130741,0.20134228187919462,0.6617647058823529,0.30874785591766724,0.9118003812164269,0.19710669077757687,0.6264367816091954,0.2998624484181568
6min30s,390,price+total_depth,9,0.9164703913922032,0.3184580450779956,0.7931697241784879,0.19816487310204262,0.6,0.9012274645186038,0.3176470588235294,0.8089887640449438,0.45617740232312565,0.5992666317443688,0.12851096575606002,0.9175824175824175,0.2254471819102261
9min,540,total_depth+imbalance,6,0.8017029843199891,0.2667378174184834,0.7999264509419164,0.19809360597845188,0.7,0.9120984804770148,0.2828507795100223,0.4847328244274809,0.35724331926863573,0.8556159102856141,0.23687423687423687,0.49363867684478374,0.3201320132013201
2min,120,local_depth+imbalance,9,0.8159410698873184,0.09239574897801685,0.8747645716959611,0.1975821734783593,0.7,0.793932455638237,0.1295206055508831,0.7738693467336684,0.2219020172910663,0.7574180114523685,0.13141025641025642,0.8266129032258065,0.22676991150442477
7min30s,450,total_depth+imbalance,6,0.8054268836692446,0.25702516713282253,0.803030303030303,0.19673523919330285,0.7,0.9110983102918587,0.2850877192982456,0.4868913857677903,0.359612724757953,0.852421752054555,0.22249093107617895,0.4779220779220779,0.30363036303630364
9min30s,570,price+total_depth,9,0.906102226103552,0.3680346806759005,0.772468979084559,0.19668101804346783,0.6,0.903387220939184,0.3245227606461087,0.8403041825095057,0.4682203389830508,0.5458530597930914,0.12045690550363447,0.8765743073047859,0.21180766889835667
7min,420,total_depth+imbalance,6,0.804546460261389,0.24490354567062705,0.8093958850109806,0.19631497390138763,0.7,0.9096142774899252,0.27705627705627706,0.4830188679245283,0.35213204951856947,0.8528743665909488,0.22007255139056833,0.48021108179419525,0.3018242122719735
9min,540,total_depth,3,0.8543503100903445,0.31652005606083494,0.826140273759554,0.19600201883041404,0.5,0.8930563569917291,0.28254437869822485,0.7290076335877863,0.4072494669509595,0.8055020150692133,0.21158487530168946,0.6692111959287532,0.3215158924205379
7min,420,price+total_depth,9,0.9152125979445942,0.3270574255831258,0.7810411498901932,0.19585702976969957,0.6,0.9019382076376895,0.3180473372781065,0.8113207547169812,0.4569606801275239,0.5888520006989342,0.1281085154483798,0.8970976253298153,0.22420046158918563
7min30s,450,price+total_depth,9,0.9150257684876297,0.3396984795084102,0.7750811992656762,0.1957284419591677,0.6,0.902073732718894,0.3205317577548006,0.8127340823970037,0.4597457627118644,0.5817450603252317,0.1268129416139829,0.8857142857142857,0.22186076772934288
8min,480,total_depth+imbalance,6,0.8029478808850273,0.256556110653792,0.8009476177682515,0.19570975652678965,0.7,0.9125840537944284,0.2793791574279379,0.4921875,0.3564356435643564,0.8542432195975503,0.22639225181598063,0.49081364829396323,0.30985915492957744
1min,60,price+local_depth+total_depth,15,0.9336336275852544,0.20317596500313595,0.9308260377583228,0.1953244363164406,0.7,0.9096626643796455,0.1971326164874552,0.8088235294117647,0.3170028818443804,0.9008837289897764,0.20474777448071216,0.7931034482758621,0.32547169811320753
9min,540,price+total_depth,9,0.9081967137072147,0.35587845840073534,0.7750016519807968,0.194756604272051,0.6,0.9020965570301981,0.3181148748159057,0.8244274809160306,0.45908607863974493,0.5673734010863851,0.125,0.8804071246819338,0.2189180639038279
6min30s,390,total_depth+imbalance,6,0.8030622728260384,0.23445399664961744,0.8141642061090131,0.19243705399608055,0.7,0.9075565784426544,0.2736842105263158,0.4868913857677903,0.3504043126684636,0.8547232407892439,0.21739130434782608,0.4945054945054945,0.30201342281879195
2min,120,local_depth,6,0.8134105673149563,0.0916480592357935,0.8780210861872313,0.19232888271842136,0.7,0.7933600457927876,0.13043478260869565,0.7839195979899497,0.22365591397849463,0.7617560298455666,0.13545042125729098,0.842741935483871,0.2333891680625349
1min,60,local_depth+imbalance,9,0.8405702233936032,0.08144418314107649,0.9094866092056706,0.1922311663221767,0.7,0.8006479893272346,0.10227272727272728,0.8602941176470589,0.1828125,0.7872119216773523,0.1125,0.8793103448275862,0.19947848761408082
8min30s,510,total_depth,3,0.8617583498303617,0.3082073680093367,0.825325152710435,0.1921576522946529,0.5,0.894079200307574,0.28,0.7440944881889764,0.4068891280947255,0.8045876378917878,0.20709105560032232,0.6606683804627249,0.31533742331288345
5min30s,330,price+total_depth,9,0.91404544044665,0.30110347739351895,0.7966723177733775,0.19189085901403483,0.6,0.8988505747126436,0.3035190615835777,0.7961538461538461,0.4394904458598726,0.6031386224934612,0.12265625,0.9127906976744186,0.2162534435261708
7min30s,450,total_depth,3,0.8636403948616143,0.2998872552709991,0.8262540234418749,0.1899258286862176,0.5,0.8949692780337941,0.29289940828402367,0.7415730337078652,0.41993637327677624,0.8055604126595559,0.20374898125509372,0.6493506493506493,0.31017369727047145
7min,420,total_depth,3,0.8576673355255628,0.28360655175192245,0.8316752049989731,0.18893479310090505,0.5,0.8940702360391479,0.28865979381443296,0.7396226415094339,0.4152542372881356,0.8044731784029355,0.20113085621970922,0.6569920844327177,0.3079777365491651
6min,360,total_depth+imbalance,6,0.8033094420889697,0.2199410675581961,0.8196575285043596,0.18855250109464392,0.7,0.9072263753114816,0.2679324894514768,0.4810606060606061,0.34417344173441733,0.8565695341127203,0.218335343787696,0.5098591549295775,0.30574324324324326
8min30s,510,price+total_depth,9,0.9102771182502752,0.3457310285896746,0.772960664806029,0.18828255976395825,0.6,0.9011918492887351,0.3076923076923077,0.8188976377952756,0.44731182795698926,0.570478024864297,0.12472727272727273,0.8817480719794345,0.21854093660401402
6min30s,390,total_depth,3,0.8565452977592443,0.2715802520505474,0.8370248528275752,0.18636681323943244,0.5,0.8943229766014577,0.2911764705882353,0.7415730337078652,0.41816261879619854,0.8070543041732146,0.1980440097799511,0.6675824175824175,0.30546825895663104
5min,300,price+total_depth+imbalance,12,0.8583093580174845,0.25116604213297494,0.8187471546217957,0.18634121981006158,0.8,0.9314570170400153,0.3377926421404682,0.38697318007662834,0.3607142857142857,0.8801184875413836,0.20491803278688525,0.38109756097560976,0.26652452025586354
8min,480,total_depth,3,0.8605352722772277,0.3011082113716189,0.8240156004121533,0.18580805271892642,0.6,0.9075888568683957,0.2980251346499102,0.6484375,0.40836408364083643,0.8353455818022747,0.20833333333333334,0.5249343832020997,0.29828486204325133
6min,360,total_depth,3,0.8487188664354018,0.26023396184071945,0.8424426768947015,0.1851693054334717,0.6,0.9068430132259919,0.302491103202847,0.6439393939393939,0.4116222760290557,0.8352818007328564,0.1985670419651996,0.5464788732394367,0.2912912912912913
5min30s,330,total_depth+imbalance,6,0.8033281637717121,0.21518867267566535,0.8240985190649359,0.18381187638986468,0.7,0.9084291187739464,0.2670940170940171,0.4807692307692308,0.3434065934065934,0.8563208369659983,0.21084337349397592,0.5087209302325582,0.2981260647359455
8min,480,price+total_depth,9,0.9126512300464741,0.34041268857449003,0.7728413869526152,0.18340548246379254,0.6,0.9014409221902018,0.310192023633678,0.8203125,0.45016077170418006,0.5674540682414698,0.12160694896851248,0.8818897637795275,0.21374045801526717
5min30s,330,total_depth,3,0.8517044044665012,0.25814136953417344,0.8457663073253008,0.18115774950961605,0.6,0.907088122605364,0.29874776386404295,0.6423076923076924,0.4078144078144078,0.8341761115954665,0.18998978549540346,0.5406976744186046,0.2811791383219955
10min,600,local_depth+imbalance,9,0.8041189353099729,0.17347030484015616,0.7950797368919176,0.17917341114568464,0.7,0.7902946273830156,0.16339869281045752,0.7547169811320755,0.2686366689053056,0.7410071942446043,0.1791767554479419,0.7115384615384616,0.2862669245647969
1min,60,local_depth,6,0.8471851370170451,0.08437600090589535,0.9102844504137069,0.17879604956686748,0.7,0.8017914999047074,0.10281195079086115,0.8602941176470589,0.1836734693877551,0.7858256801247617,0.1129737609329446,0.8908045977011494,0.20051746442432083
5min,300,price+total_depth,9,0.9162300147789868,0.30059082409479404,0.7924062771860392,0.17795041273225587,0.6,0.8991001340225924,0.3055555555555556,0.8007662835249042,0.44232804232804235,0.6009757797525701,0.11769290724863601,0.9207317073170732,0.20870767104353835
2min30s,150,local_depth+imbalance,9,0.8101428135282743,0.09238535266500895,0.8581872194641385,0.17603216455524767,0.7,0.7875143184421535,0.12417218543046357,0.7317073170731707,0.21231422505307856,0.7478728945997569,0.13097454996896338,0.8022813688212928,0.22518676627534684
4min,240,price+total_depth+imbalance,12,0.8487511715474291,0.20840064196063296,0.8207978841263756,0.17592726101211334,0.8,0.9294320137693631,0.292358803986711,0.36065573770491804,0.3229357798165138,0.8848094658082478,0.20608108108108109,0.3885350318471338,0.2693156732891832
1min30s,90,local_depth,6,0.8225837079042625,0.08399658548059023,0.8917164091811385,0.17540147173455645,0.7,0.7953852021357742,0.11544991511035653,0.8143712574850299,0.20223048327137547,0.7757933067452748,0.12230715774843641,0.8543689320388349,0.21398176291793314
4min30s,270,price+total_depth+imbalance,12,0.8557742830451522,0.22988685769556544,0.816960561076495,0.17438979777652988,0.8,0.9307309605817069,0.32441471571906355,0.377431906614786,0.3489208633093525,0.8838586104823263,0.20202020202020202,0.38338658146964855,0.26460859977949286
2min30s,150,local_depth,6,0.8078225177244818,0.09162448019427792,0.8620884320985605,0.17373806934222927,0.7,0.7865597556319206,0.12303881090008258,0.7268292682926829,0.21045197740112995,0.7492620246570585,0.13300186451211932,0.8136882129277566,0.22863247863247863
5min,300,total_depth+imbalance,6,0.8071133719718133,0.2174098615376011,0.8219294706807723,0.1722677980440335,0.7,0.903312272640245,0.25502008032128515,0.48659003831417624,0.3346508563899868,0.8553755009583551,0.19831730769230768,0.5030487804878049,0.28448275862068967
1min30s,90,local_depth+imbalance,9,0.8212662718683177,0.08303618920388367,0.8861165572302251,0.17125148012050126,0.7,0.7953852021357742,0.11544991511035653,0.8143712574850299,0.20223048327137547,0.7723252991156581,0.12114989733059549,0.8592233009708737,0.21235752849430115
5min,300,total_depth,3,0.8539505606594794,0.2589166490033101,0.8440980658189505,0.16902761356473195,0.5,0.8946965345586827,0.2884333821376281,0.7547892720306514,0.4173728813559322,0.8022303537201603,0.17485898468976632,0.6615853658536586,0.2766093052899936
7min,420,local_depth+imbalance,9,0.8091760828266029,0.1637461963463603,0.8078574052422858,0.16860917971165265,0.7,0.791594703511802,0.16653127538586515,0.7735849056603774,0.27406417112299464,0.7399965053293727,0.16656644618159952,0.7308707124010554,0.2713026444662096
4min30s,270,price+total_depth,9,0.9132449983673092,0.27749980471245506,0.787581710883213,0.16850731137694047,0.6,0.8974358974358975,0.29694323144104806,0.7937743190661478,0.4322033898305085,0.5996865749608219,0.11180609851446442,0.9137380191693291,0.19923371647509577
3min30s,210,price+total_depth+imbalance,12,0.8537072948837655,0.2129774308136492,0.8195461521460788,0.16809945034056736,0.8,0.9315749235474006,0.2905405405405405,0.36752136752136755,0.32452830188679244,0.8859328812380456,0.19627749576988154,0.39057239057239057,0.26126126126126126
4min,240,total_depth+imbalance,6,0.7952151536576945,0.18132115234122392,0.8333010934592917,0.16803104367056218,0.8,0.9166188563778925,0.23626373626373626,0.3524590163934426,0.28289473684210525,0.8728032016704368,0.19202363367799113,0.4140127388535032,0.2623612512613522
7min30s,450,local_depth+imbalance,9,0.8040177464872007,0.15462714770015493,0.8021571978827322,0.16786150888202322,0.7,0.7912826420890937,0.16666666666666666,0.7677902621722846,0.2738810955243821,0.7401643643993705,0.16897173782321107,0.7298701298701299,0.2744140625
6min30s,390,local_depth+imbalance,9,0.8141104698568875,0.1688632859340025,0.8144259711945708,0.16738979985624738,0.7,0.7942079018028385,0.17235772357723578,0.7940074906367042,0.2832331329325317,0.7434957220185088,0.16575922565033274,0.7527472527472527,0.27169062964799207
8min30s,510,local_depth+imbalance,9,0.7960354617152242,0.1500745932127521,0.7971320482761086,0.16693915784155863,0.7,0.7891195693963861,0.1553556827473426,0.7480314960629921,0.25727826675693977,0.7390999824899317,0.16897173782321107,0.7223650385604113,0.27387914230019494
9min30s,570,local_depth+imbalance,9,0.7998271900500933,0.16705818885855858,0.7895761748735569,0.16607664186427812,0.7,0.7896458814472671,0.16094771241830066,0.7490494296577946,0.2649630127774042,0.7389093459582676,0.1694915254237288,0.7052896725440806,0.2733040507564666
8min,480,local_depth+imbalance,9,0.7965103429985855,0.14109111290244258,0.7991801221697681,0.16528319268502845,0.7,0.7890489913544668,0.15604575163398693,0.74609375,0.2581081081081081,0.7384076990376203,0.16526442307692307,0.7217847769028871,0.26894865525672373
4min,240,price+total_depth,9,0.9108538730946939,0.2602710303044672,0.7861581910968709,0.16504652701218106,0.6,0.8946261235417862,0.2772133526850508,0.7827868852459017,0.40943193997856375,0.5921350269705934,0.1111111111111111,0.9235668789808917,0.19835841313269495
7min,420,local_depth,6,0.8092371193798686,0.1635698962532436,0.8042847352787829,0.1638400580856545,0.7,0.791402801765496,0.1663961038961039,0.7735849056603774,0.2738810955243821,0.7396470382666434,0.16556291390728478,0.7255936675461742,0.2696078431372549
4min30s,270,total_depth+imbalance,6,0.802487484661712,0.19975308958355006,0.8273107043463424,0.1633339905110703,0.7,0.8999234596249521,0.23921568627450981,0.47470817120622566,0.318122555410691,0.8551279818909977,0.18847539015606243,0.5015974440894568,0.27399650959860383
7min30s,450,local_depth,6,0.8036122121179734,0.1541256150825188,0.7999060182412263,0.16325595380016192,0.7,0.7903225806451613,0.1654501216545012,0.7640449438202247,0.272,0.739639797167337,0.16787003610108303,0.7246753246753247,0.27259404005862237
9min,540,local_depth+imbalance,9,0.7975545305969722,0.16394254933863917,0.7888351955227011,0.16272416319003144,0.7,0.790151952298519,0.16163265306122448,0.7557251908396947,0.26630800268997984,0.7390923427369896,0.1686819830713422,0.7099236641221374,0.27259404005862237
3min30s,210,total_depth+imbalance,6,0.7996540496540496,0.18559454215342908,0.8365676073780217,0.16236351138521743,0.8,0.919151376146789,0.23822714681440443,0.36752136752136755,0.28907563025210087,0.8734133194227091,0.17979197622585438,0.4074074074074074,0.24948453608247423
10min,600,local_depth,6,0.805334936290125,0.1836803563245698,0.7821149842018666,0.1623489146949614,0.7,0.7904871943000192,0.16517493897477625,0.7660377358490567,0.2717536813922356,0.7397789085804527,0.17919422730006013,0.7163461538461539,0.2866762866762867
2min,120,imbalance,3,0.5763436380633831,0.04761920662767273,0.7432149855233527,0.1612348787964777,0.4,0.42510971188704444,0.05047923322683706,0.7939698492462312,0.09492340042054671,0.528023598820059,0.07142857142857142,0.8306451612903226,0.13154533844189017
4min,240,total_depth,3,0.8462296726244307,0.22438168487093862,0.8477023521039742,0.16120473222925416,0.6,0.9082042455536431,0.2885304659498208,0.6598360655737705,0.4014962593516209,0.8320863058987298,0.1702127659574468,0.535031847133758,0.2582628747117602
6min30s,390,local_depth,6,0.8140211333770931,0.16833728403166656,0.8103084217665609,0.16107650457365863,0.7,0.7932489451476793,0.1711273317112733,0.7902621722846442,0.2813333333333333,0.7420988301030208,0.16415208207604104,0.7472527472527473,0.26917367639782286
8min,480,local_depth,6,0.796267238330976,0.14058469529150808,0.7962528306008992,0.16068267608613804,0.7,0.7878962536023055,0.15528455284552845,0.74609375,0.2570659488559892,0.7389326334208224,0.16596512327119664,0.7244094488188977,0.2700587084148728
4min30s,270,total_depth,3,0.8484009418707269,0.23996498505692263,0.8449849669626204,0.16063817899958338,0.6,0.9092996555683123,0.3052064631956912,0.6614785992217899,0.4176904176904177,0.8324917290614662,0.17055837563451776,0.536741214057508,0.2588597842835131
8min30s,510,local_depth,6,0.7962073278633218,0.1503292007592482,0.7920544202703238,0.1596927644089364,0.7,0.7885428681276432,0.15665584415584416,0.7598425196850394,0.2597577388963661,0.7398003852215024,0.17057057057057057,0.7300771208226221,0.2765335929892892
3min,180,local_depth,6,0.8035157528622866,0.09823373717911817,0.8512267253602532,0.15908047136942383,0.7,0.7831900668576887,0.12387202625102543,0.6926605504587156,0.21016005567153792,0.7497827975673328,0.13825170489770613,0.8168498168498168,0.23647932131495228
6min,360,local_depth+imbalance,9,0.8185894376839258,0.14978402215400421,0.8105770036887994,0.15828103895024923,0.7,0.7949012842629863,0.17341977309562398,0.8106060606060606,0.2857142857142857,0.7344268016053045,0.15411973918197985,0.7323943661971831,0.2546523016650343
1min30s,90,imbalance,3,0.5846432012870064,0.04254351625110386,0.7489101457270904,0.1573532640197585,0.5,0.6289092295957285,0.04361210877373012,0.5089820359281437,0.08034026465028356,0.8297208253858158,0.10728744939271255,0.5145631067961165,0.17755443886097153
9min,540,local_depth,6,0.7979611811110062,0.16550935318524435,0.7840501972321421,0.15714308901926763,0.7,0.790151952298519,0.16437246963562754,0.7748091603053435,0.2712090848363393,0.7378657788680568,0.16916616676664667,0.7175572519083969,0.2737864077669903
6min,360,local_depth,6,0.8187530972964042,0.1500540193234807,0.8096841465459425,0.1568134161862994,0.7,0.7943262411347518,0.17193836171938362,0.803030303030303,0.2832331329325317,0.7333798638980981,0.1535735380980508,0.7323943661971831,0.25390625
3min30s,210,imbalance,3,0.5712336216537897,0.0519996545600004,0.7235192655067977,0.15673780865054537,0.5,0.6127675840978594,0.05818540433925049,0.5042735042735043,0.10433244916003537,0.8207268301165015,0.1464354527938343,0.5117845117845118,0.22771535580524344
2min30s,150,imbalance,3,0.566227774735526,0.042713404666853715,0.7482386083760884,0.15545794373485616,0.5,0.6200840015273005,0.05218263923733066,0.5073170731707317,0.09463148316651501,0.827053307865949,0.13386613386613386,0.5095057034220533,0.2120253164556962
9min30s,570,local_depth,6,0.8002603711020448,0.1720109081714156,0.7805236408381367,0.15480956787028222,0.7,0.7902232486528099,0.16354759967453214,0.7642585551330798,0.26943699731903487,0.737506575486586,0.16947115384615385,0.7103274559193955,0.27365356622998543
3min30s,210,price+total_depth,9,0.9103530301009293,0.25841517554050053,0.7818460858431522,0.15465009468026994,0.6,0.8923929663608563,0.2612481857764877,0.7692307692307693,0.39003250270855905,0.58981046774474,0.10467791411042945,0.9191919191919192,0.18795180722891566
3min30s,210,total_depth,3,0.8444360650243004,0.2229790981124702,0.8473081876088844,0.15196499355151494,0.5,0.8912461773700305,0.2582972582972583,0.7649572649572649,0.3861920172599784,0.803338549817423,0.1647909967845659,0.6902356902356902,0.26606099935107075
3min,180,local_depth+imbalance,9,0.8060155105668251,0.10028401187690769,0.8428155815970482,0.15178373659157401,0.7,0.7845272206303725,0.12582236842105263,0.7018348623853211,0.21338912133891214,0.7471763683753258,0.13473423980222496,0.7985347985347986,0.23056583818085669
2min30s,150,price+total_depth+imbalance,12,0.8404200568928002,0.1764878069398703,0.8223063022675321,0.151635309549558,0.8,0.9322260404734631,0.25,0.36585365853658536,0.297029702970297,0.8873068241014065,0.1717687074829932,0.3840304182509506,0.23736780258519388
10min,600,imbalance,3,0.5310187454055378,0.054696231583638774,0.639853066439523,0.15095528734877042,0.6,0.7560177161563644,0.07032590051457976,0.30943396226415093,0.1146051712089448,0.8994560449201614,0.24429967426710097,0.18028846153846154,0.2074688796680498
3min30s,210,local_depth,6,0.7995206629660411,0.10471009721195816,0.8392660253679689,0.15067834553909276,0.7,0.7857415902140673,0.1373671300081766,0.717948717948718,0.2306108442004118,0.7489132324813076,0.1457689932056825,0.7946127946127947,0.24634655532359082
3min,180,imbalance,3,0.5758019065452691,0.04903181747472195,0.7364915881880493,0.1503397498592733,0.5,0.6179560649474689,0.05583250249252243,0.5137614678899083,0.10071942446043165,0.8224152910512598,0.13816425120772946,0.5238095238095238,0.21865443425076453
7min30s,450,price+local_depth+imbalance,15,0.8188254360252478,0.1598339246723883,0.766805448020296,0.14931393343707974,0.6,0.7580645161290323,0.15157894736842106,0.8089887640449438,0.2553191489361702,0.7004721105088302,0.1534446764091858,0.7636363636363637,0.25554106910039115
5min30s,330,local_depth,6,0.8141043734491316,0.14050683640845313,0.8088513154999936,0.14895939955860263,0.7,0.7915708812260537,0.16450567260940033,0.7807692307692308,0.2717536813922356,0.7323452484742807,0.14742451154529307,0.7238372093023255,0.24495818986719134
3min,180,price+total_depth+imbalance,12,0.8489932394994633,0.1922001079253714,0.8157506484759313,0.1489587293395031,0.8,0.9316141356255969,0.2651006711409396,0.3623853211009174,0.3062015503875969,0.8844483058210252,0.17114093959731544,0.37362637362637363,0.23475258918296893
4min,240,local_depth,6,0.8075365440584047,0.1147369938209995,0.8275500861097727,0.14825906419167548,0.7,0.7873398355326067,0.1465798045602606,0.7377049180327869,0.24456521739130435,0.7414303114668522,0.14527845036319612,0.7643312101910829,0.2441505595116989
2min,120,price+total_depth+imbalance,12,0.8422766350594703,0.17361898943871745,0.827452256309771,0.14775819719250766,0.8,0.9318832283915284,0.23666666666666666,0.35678391959798994,0.2845691382765531,0.8891202498698595,0.16808149405772496,0.39919354838709675,0.23655913978494625
4min,240,imbalance,3,0.5503707844846014,0.051970177768431894,0.7029687648376692,0.14733254717706093,0.5,0.6087205966724039,0.05789990186457311,0.48360655737704916,0.10341805433829973,0.817817991995824,0.1486097794822627,0.49363057324840764,0.22844509948415623
7min,420,imbalance,3,0.5411699181347229,0.054409428958988475,0.6476594963108084,0.14688081598722852,0.5,0.5948954135482633,0.059637404580152674,0.4716981132075472,0.1058873358746294,0.7980080377424428,0.14777878513145964,0.43007915567282323,0.21997300944669365
8min,480,imbalance,3,0.5225716369468579,0.052226990304474766,0.6451186711897233,0.14609593215243238,0.6,0.7496637848222862,0.0633861551292744,0.296875,0.10446735395189004,0.9090113735783028,0.2627986348122867,0.2020997375328084,0.228486646884273
1min,60,imbalance,3,0.5955033549322684,0.038217731400900824,0.7686866322064982,0.14605673529446614,0.4,0.462359443491519,0.034984412885348114,0.7426470588235294,0.0668210387032749,0.586380176745798,0.05436971405557793,0.7758620689655172,0.10161836657884833
5min30s,330,local_depth+imbalance,9,0.8141826923076922,0.14046616049204022,0.8053182953501314,0.1459992230326081,0.7,0.7919540229885057,0.16639741518578352,0.7923076923076923,0.2750333778371162,0.7311246730601569,0.14681603773584906,0.7238372093023255,0.24411764705882352
10min,600,price+local_depth+imbalance,15,0.8126309421710366,0.16810915905518597,0.7468731344370185,0.14591581315763266,0.6,0.7596764875794338,0.1481746599856836,0.7811320754716982,0.2490974729241877,0.6888927882084577,0.1574962140333165,0.75,0.26032540675844806
3min,180,total_depth+imbalance,6,0.7990666595959061,0.16963874987143784,0.8328255108627236,0.14586525255928182,0.8,0.9176695319961795,0.2066115702479339,0.3440366972477064,0.25817555938037867,0.8755864465682016,0.1679160419790105,0.41025641025641024,0.23829787234042554
7min,420,price+local_depth+imbalance,15,0.8230901281004661,0.16802171508658745,0.7735250146145702,0.14575299479484108,0.6,0.7501439263097294,0.14895057549085985,0.8301886792452831,0.2525832376578645,0.7022540625546042,0.15404699738903394,0.7783641160949868,0.25719267654751526
4min30s,270,local_depth,6,0.8108005039807116,0.12129813138529348,0.8215475497031638,0.14540802785935525,0.7,0.7910447761194029,0.16029292107404394,0.7665369649805448,0.2651413189771198,0.7396830924603865,0.14181818181818182,0.7476038338658147,0.23841059602649006
6min30s,390,price+local_depth+imbalance,15,0.8299699662868353,0.1728662452696268,0.7813062846159994,0.1449181036920099,0.6,0.7437667817414653,0.14996725605762934,0.8576779026217228,0.2552954292084727,0.7054304173214597,0.15456919060052218,0.8131868131868132,0.25976305397103994
3min30s,210,local_depth+imbalance,9,0.8019387242076318,0.10601541416376455,0.8310917511504238,0.1447589662955969,0.6,0.7561162079510704,0.1361731843575419,0.8333333333333334,0.234093637454982,0.6878803686315423,0.12773359840954274,0.8653198653198653,0.22260718925941966
6min30s,390,imbalance,3,0.5453000305106792,0.05556205795876731,0.6482758338063205,0.14474754826950495,0.5,0.5953202915228232,0.05972288580984233,0.4681647940074906,0.1059322033898305,0.8061812467260345,0.150093808630394,0.43956043956043955,0.22377622377622378
8min30s,510,imbalance,3,0.533659507698967,0.053078067811768194,0.637763988836174,0.14473438636802696,0.6,0.7574009996155325,0.06626506024096386,0.3031496062992126,0.10875706214689265,0.9042199264577132,0.24516129032258063,0.1953727506426735,0.21745350500715308
5min,300,local_depth,6,0.8127469920823546,0.1328938819000838,0.8125988839356144,0.1443538991598811,0.7,0.7880528431935669,0.16428571428571428,0.7931034482758621,0.27218934911242604,0.7213800313643491,0.1374786081003993,0.7347560975609756,0.2316194137433926
2min30s,150,total_depth+imbalance,6,0.7927551331940897,0.15940661611824053,0.8375119686076565,0.14388105109176205,0.9,0.9438717067583047,0.2620320855614973,0.23902439024390243,0.25,0.9145685014759507,0.1519756838905775,0.19011406844106463,0.16891891891891891
5min,300,local_depth+imbalance,9,0.8125361946193369,0.13239094209615718,0.8115345434548413,0.1437821477647751,0.7,0.7922649818112196,0.16774193548387098,0.7969348659003831,0.27714856762158563,0.7206830458267991,0.13675213675213677,0.7317073170731707,0.23043686989918388
4min30s,270,local_depth+imbalance,9,0.8118114410512494,0.1219319575815851,0.8156167075588819,0.14322032370576895,0.7,0.7920015308075009,0.16369529983792544,0.7859922178988327,0.27095908786049633,0.7349817168727146,0.1403926234384295,0.7539936102236422,0.23671013039117353
8min30s,510,price+local_depth+imbalance,15,0.8081329289174342,0.14766782598557673,0.7581692716559965,0.14307228708464959,0.6,0.7558631295655517,0.14073550212164074,0.7834645669291339,0.23860911270983212,0.6743127298196463,0.14278776104905294,0.7557840616966581,0.24019607843137256
8min,480,price+local_depth+imbalance,15,0.8127754660032329,0.1467547605382115,0.7651951970570608,0.142736055662112,0.6,0.7552353506243996,0.1420534458509142,0.7890625,0.24076281287246723,0.6951881014873141,0.14940752189592993,0.7611548556430446,0.24978466838931956
4min,240,local_depth+imbalance,9,0.8082098755282241,0.11486582427283223,0.8204438316914445,0.14271652223061124,0.7,0.7881048001529929,0.14991896272285252,0.7581967213114754,0.2503382949932341,0.7377762310770837,0.1434548714883443,0.7643312101910829,0.24157020634121792
7min30s,450,imbalance,3,0.5334618915184192,0.05380962984748703,0.6471501127294153,0.1411838540908145,0.5,0.5942780337941628,0.059637404580152674,0.4681647940074906,0.10579771476936098,0.8036369994754328,0.15384615384615385,0.42597402597402595,0.22605099931082012
2min,120,total_depth+imbalance,6,0.7991783590702422,0.15644111934968224,0.8433422045447898,0.14109424996260292,0.9,0.944094638427781,0.25263157894736843,0.24120603015075376,0.2467866323907455,0.9170570883220545,0.147239263803681,0.1935483870967742,0.1672473867595819
1min,60,price+local_depth+imbalance,15,0.8605660225350168,0.10401664309085869,0.8579801576788879,0.1396080580864309,0.7,0.7995044787497617,0.09611992945326278,0.8014705882352942,0.17165354330708663,0.7773349506151447,0.1017921146953405,0.8160919540229885,0.1810070108349267
9min30s,570,price+local_depth+imbalance,15,0.8138870754035636,0.16813131171975781,0.7486586640664388,0.13891524109833528,0.7,0.7963818321785989,0.15464813205907907,0.6768060836501901,0.25176803394625175,0.7457478520077152,0.15384615384615385,0.5894206549118388,0.2440041710114703
5min,300,imbalance,3,0.5433146318148194,0.056995560597528236,0.6704432254080441,0.13853077139688952,0.5,0.6063565000957304,0.060264576188143064,0.47126436781609193,0.10686359687228497,0.8104199337863739,0.14083175803402648,0.45426829268292684,0.215007215007215
6min,360,price+local_depth+imbalance,15,0.8363266217596926,0.15720482599189178,0.7781569626089873,0.1376875241103061,0.6,0.7454475752348093,0.1504599211563732,0.8674242424242424,0.2564389697648376,0.7063339731285988,0.15126050420168066,0.8112676056338028,0.2549800796812749
3min,180,price+total_depth,9,0.9084699178755535,0.2361742436623758,0.7730227330738093,0.13634614102258424,0.6,0.8905444126074499,0.24238026124818576,0.7660550458715596,0.36824696802646084,0.5867940920938315,0.09503655252020007,0.9047619047619048,0.17200557103064068
9min,540,price+local_depth+imbalance,15,0.8124374755507177,0.16857084420152052,0.7518720054855339,0.13606517118835962,0.6,0.7564916330063474,0.1459802538787024,0.7900763358778626,0.24642857142857144,0.6700543192570527,0.14182692307692307,0.7506361323155216,0.23857662757784068
3min,180,total_depth,3,0.8397110375183093,0.20472376793464192,0.839936361826183,0.13603787038782528,0.5,0.8899713467048711,0.24132947976878613,0.7660550458715596,0.367032967032967,0.8027801911381407,0.15016233766233766,0.6776556776556777,0.24584717607973422
6min,360,imbalance,3,0.5469053037950675,0.054696199459879045,0.652110580147552,0.13496571713259453,0.5,0.5947862756373394,0.060361216730038025,0.4810606060606061,0.10726351351351351,0.8057930553132089,0.146455223880597,0.4422535211267606,0.22004204625087595
5min30s,330,imbalance,3,0.5444509925558313,0.05359171415858994,0.6544704136523836,0.1332977710938973,0.5,0.5957854406130269,0.05868320610687023,0.47307692307692306,0.10441426146010187,0.7975588491717523,0.13559322033898305,0.4418604651162791,0.2075085324232082
2min30s,150,price+total_depth,9,0.9101403904958978,0.22379864010537764,0.7783794366867574,0.13102863200307424,0.6,0.8883161512027491,0.2230320699708455,0.7463414634146341,0.3434343434343434,0.5985414134398334,0.093935790725327,0.9011406844106464,0.17013639626704954
2min30s,150,total_depth,3,0.8462178887634296,0.19768898905949123,0.8417480255256502,0.13084958932676127,0.5,0.8888888888888888,0.22641509433962265,0.7609756097560976,0.348993288590604,0.8041326619204723,0.1469387755102041,0.6844106463878327,0.24193548387096775
9min30s,570,imbalance,3,0.5364376947676817,0.05599986260692959,0.6272671686726969,0.13068987352483075,0.6,0.7569284064665127,0.07191780821917808,0.3193916349809886,0.11740041928721175,0.8981237944941259,0.2070063694267516,0.163727959697733,0.1828410689170183
9min,540,imbalance,3,0.5305505862416061,0.05751095438694873,0.6226210279438538,0.12960013415008903,0.6,0.7551452202346605,0.06905370843989769,0.30916030534351147,0.11289198606271778,0.9004731032065884,0.21864951768488747,0.17302798982188294,0.19318181818181818
4min30s,270,imbalance,3,0.5467532945507282,0.056294733967545564,0.6820050718114369,0.12957308634499198,0.5,0.6042862610026789,0.05807711078574915,0.46303501945525294,0.10320901994796183,0.8129897266237158,0.13933649289099526,0.4696485623003195,0.2149122807017544
7min30s,450,price+local_depth,12,0.8272378106601721,0.1697813259540226,0.7605227917938829,0.12941822721583593,0.7,0.804531490015361,0.16140667267808836,0.6704119850187266,0.2601744186046512,0.7420877775834936,0.1554993678887484,0.638961038961039,0.25012709710218606
10min,600,price+local_depth,12,0.8270407069345749,0.19883079077873342,0.7369838305741202,0.1292089876582807,0.7,0.8149431927594839,0.16666666666666666,0.6566037735849056,0.26585179526355995,0.7332865414985085,0.15456821026282855,0.59375,0.24528301886792453
8min30s,510,price+local_depth,12,0.8165209517565357,0.15882712219840547,0.7507677787019782,0.12853824953902768,0.7,0.8066128412149174,0.15249537892791126,0.6496062992125984,0.2470059880239521,0.7382244790754684,0.15220125786163521,0.622107969151671,0.24456796361798888
9min,540,price+local_depth,12,0.8213690979625725,0.1817023861447858,0.7447464616486673,0.12851974975113392,0.7,0.80688593960377,0.15837937384898712,0.6564885496183206,0.2551928783382789,0.7354126511301909,0.14984326018808777,0.6081424936386769,0.24044265593561368
8min,480,price+local_depth,12,0.820105703172358,0.15543952871698888,0.7579943255124606,0.12804564593927445,0.7,0.8038424591738713,0.15321849501359927,0.66015625,0.2487122884473878,0.742082239720035,0.1538948701709943,0.6377952755905512,0.2479591836734694
7min,420,price+local_depth,12,0.8322433222195943,0.17623699403791884,0.7650061025705845,0.12796418225711595,0.7,0.8031088082901554,0.16057091882247992,0.6792452830188679,0.2597402597402597,0.7440153765507601,0.15676359039190899,0.6543535620052771,0.25293217746047936
2min,120,total_depth,3,0.8518853689311292,0.19270329634020014,0.8458222443190127,0.12709153038970353,0.5,0.8891432932646441,0.22318840579710145,0.7738693467336684,0.3464566929133858,0.8018393197987159,0.13951612903225807,0.6975806451612904,0.2325268817204301
1min30s,90,price+total_depth+imbalance,12,0.8271752732470847,0.1372211101826093,0.8292485985093832,0.12695357159144188,0.8,0.9279176201372997,0.18126888217522658,0.3592814371257485,0.24096385542168675,0.8924917634818796,0.15033783783783783,0.4320388349514563,0.22305764411027568
2min,120,price+total_depth,9,0.911156337020286,0.21859430374968788,0.7803556283449828,0.1267731092174351,0.6,0.8893340965464606,0.21944035346097202,0.7487437185929648,0.33940774487471526,0.6127017178552837,0.0914332784184514,0.8951612903225806,0.16591928251121077
9min30s,570,price+local_depth,12,0.8254141619372598,0.19105854293463218,0.7395448904856533,0.1266489215567118,0.7,0.8102386451116244,0.1618334892422825,0.6577946768060836,0.25975975975975973,0.7338243029984218,0.14902943018159048,0.5994962216624685,0.238716148445336
6min30s,390,price+local_depth,12,0.8376960576114303,0.18054379466839562,0.7721993184887087,0.12652730708502488,0.7,0.7926735711545838,0.15798319327731092,0.704119850187266,0.25806451612903225,0.7466387288283569,0.15709779179810726,0.6840659340659341,0.25551564905079527
5min30s,330,price+local_depth+imbalance,15,0.8350108560794045,0.14986908115920963,0.7764253946068599,0.12644678192187378,0.6,0.7522988505747127,0.15358819584171696,0.8807692307692307,0.2615648201027984,0.6913687881429816,0.14206827309236947,0.8226744186046512,0.2422945205479452
2min,120,price+local_depth+imbalance,15,0.8375066526603664,0.1093914737377234,0.8230069019974849,0.12612160287824692,0.7,0.793932455638237,0.12188841201716738,0.7135678391959799,0.20821114369501467,0.7636647579385737,0.12313937753721245,0.7338709677419355,0.21089223638470453
5min,300,price+local_depth+imbalance,15,0.8305520422645053,0.13921021784619056,0.7825438019211093,0.1251021283577157,0.6,0.752441125789776,0.15275908479138628,0.8697318007662835,0.25987406983400113,0.7008189580066214,0.14182568334192883,0.8384146341463414,0.24261138067931187
1min30s,90,total_depth+imbalance,6,0.7841292007279512,0.12502767415118027,0.8450748363690961,0.12415466702683385,0.9,0.9467963386727689,0.19230769230769232,0.20958083832335328,0.20057306590257878,0.9264782382521242,0.1437908496732026,0.21359223300970873,0.171875
4min,240,price+local_depth+imbalance,15,0.8293519903974218,0.1257911873540795,0.7914689776208379,0.12274297479504022,0.6,0.7500478102887741,0.13917175831636117,0.8401639344262295,0.23878858474082704,0.7108056377240299,0.14376321353065538,0.8662420382165605,0.24660018132366274
6min,360,price+local_depth,12,0.8433112163427123,0.16388583810886334,0.7710670271629778,0.12181392855550127,0.7,0.7943262411347518,0.159798149705635,0.7196969696969697,0.2615278733654508,0.7455941371488396,0.15072830905636478,0.6704225352112676,0.24612202688728024
4min30s,270,price+local_depth+imbalance,15,0.8312674770346575,0.1313379436077274,0.7868191740360911,0.12180475378414382,0.6,0.7539226942212017,0.150237933378654,0.8599221789883269,0.25578703703703703,0.7055545881943235,0.1400208986415883,0.8562300319488818,0.24068253255500674
2min30s,150,price+local_depth+imbalance,15,0.8295125343464839,0.10588977839566593,0.8082919620768094,0.11956723987226642,0.7,0.7907598319969454,0.11955593509820667,0.6829268292682927,0.20348837209302326,0.7574231637437056,0.12450331125827814,0.714828897338403,0.21206993795826284
3min30s,210,price+local_depth+imbalance,15,0.8231053105002685,0.1156321030445279,0.7944368510925167,0.1171451045758818,0.7,0.7907110091743119,0.13236549957301452,0.6623931623931624,0.2206405693950178,0.7475221700573813,0.13146139119336311,0.6936026936026936,0.22103004291845493
5min30s,330,price+local_depth,12,0.8385072890818859,0.1532292889949737,0.7717874968185563,0.11645259706668204,0.7,0.7936781609195402,0.1570109151973132,0.7192307692307692,0.25775327360441075,0.7417611159546643,0.14357366771159874,0.6656976744186046,0.2362042289840124
1min,60,price+total_depth+imbalance,12,0.8155003049938425,0.09359220968643422,0.8365236713428172,0.11571118035799027,0.8,0.9155708023632552,0.1172069825436409,0.34558823529411764,0.1750465549348231,0.8955120429734881,0.13080895008605853,0.4367816091954023,0.20132450331125828
3min,180,price+local_depth+imbalance,15,0.8233912952841074,0.1104162358341861,0.8007792402174014,0.11491457311668218,0.6,0.7501432664756447,0.12257617728531855,0.8119266055045872,0.21299638989169675,0.7131190269331017,0.1311563169164882,0.8974358974358975,0.22886501634750117
1min,60,total_depth+imbalance,6,0.773598179244306,0.08055137486385369,0.8502882291211015,0.11401014123607266,0.8,0.9182389937106918,0.11345646437994723,0.3161764705882353,0.1669902912621359,0.8896205163749783,0.12479740680713128,0.4425287356321839,0.19469026548672566
4min,240,price+local_depth,12,0.8310653271289279,0.12801993829803093,0.7876007789153568,0.11142858955976183,0.7,0.7917383820998278,0.14225232853513972,0.6885245901639344,0.23578947368421052,0.7447363842004524,0.13581806696146556,0.6847133757961783,0.22667369530838166
5min,300,price+local_depth,12,0.8347973332962701,0.14343629969231952,0.7759391438397842,0.11141315316902344,0.7,0.7905418341949071,0.15435684647302905,0.7126436781609196,0.25375170532060026,0.7450775396410525,0.14240705734089476,0.6890243902439024,0.2360313315926893
4min30s,270,price+local_depth,12,0.833568905423744,0.1343530441904309,0.7818273818979872,0.10849755304620806,0.7,0.7918101798698813,0.15230125523012553,0.708171206225681,0.25068870523415976,0.7440362180045272,0.13547574039067423,0.6869009584664537,0.22631578947368422
2min,120,price+local_depth,12,0.8411434403273808,0.11146107822932744,0.8171248501155207,0.10836044788168722,0.7,0.7992749475290974,0.1268591426071741,0.7286432160804021,0.21609538002980627,0.7617560298455666,0.12324179504353651,0.7419354838709677,0.21137277426766227
3min30s,210,price+local_depth,12,0.8227496126655791,0.11631172027253027,0.7910050264285688,0.10808429354745644,0.7,0.7909021406727829,0.13373083475298125,0.6709401709401709,0.22301136363636365,0.7468266388454182,0.1301850670070198,0.6868686868686869,0.21888412017167383
1min30s,90,price+local_depth+imbalance,15,0.8440519001390562,0.09795639819549422,0.8338341047133033,0.10797384412528767,0.7,0.795766590389016,0.10899653979238755,0.7544910179640718,0.19047619047619047,0.7671232876712328,0.10657439446366782,0.7475728155339806,0.18655360387643852
1min30s,90,total_depth,3,0.8368455132280248,0.15208042138949707,0.8451630023935766,0.10703985348103792,0.5,0.8842486651411137,0.1839080459770115,0.7664670658682635,0.2966396292004635,0.7976417548118606,0.11529223378702963,0.6990291262135923,0.1979381443298969
3min,180,price+local_depth,12,0.8234141533465118,0.11017358170714284,0.7988929470140707,0.10622781756601864,0.7,0.789875835721108,0.12372013651877133,0.6651376146788991,0.20863309352517986,0.7480451781059948,0.12299807815502883,0.7032967032967034,0.2093784078516903
2min30s,150,price+local_depth,12,0.8310274141883084,0.10709285570095081,0.803992257071856,0.1059383741494828,0.7,0.7915234822451317,0.11865864144453998,0.6731707317073171,0.20175438596491227,0.7497829484285466,0.12048969072164949,0.7110266159695817,0.20606060606060606
1min30s,90,price+total_depth,9,0.9031985271135885,0.17771287547581543,0.7788813564648392,0.10374378159226388,0.6,0.8844393592677345,0.17956204379562044,0.7365269461077845,0.2887323943661972,0.6044737298422056,0.07462074620746208,0.883495145631068,0.13761814744801512
1min,60,price+local_depth,12,0.8660084362447776,0.10052205331882345,0.8512904080387892,0.10295068965320163,0.7,0.8021726700971984,0.10017730496453901,0.8308823529411765,0.1787974683544304,0.7735227863455207,0.10356892932120364,0.8505747126436781,0.18465377417342482
1min30s,90,price+local_depth,12,0.8485042913975083,0.10146814598955378,0.8314291799861377,0.09857786740742205,0.7,0.7991990846681922,0.11208406304728546,0.7664670658682635,0.19556913674560733,0.7646956823305011,0.10823689584751532,0.7718446601941747,0.18985074626865672
1min,60,price+total_depth,9,0.8971293173892527,0.1266361682965526,0.7865040590299812,0.09592162679466339,0.6,0.8833619210977701,0.15,0.75,0.25,0.6028417951828106,0.06275805119735756,0.8735632183908046,0.11710323574730354
1min,60,total_depth,3,0.8279489451816726,0.10766428213216368,0.8423385680752621,0.09282780497237023,0.5,0.8799313893653516,0.14511494252873564,0.7426470588235294,0.24278846153846154,0.7970888927395599,0.10088070456365092,0.7241379310344828,0.1770906535488405
6min30s,390,price+imbalance,9,0.5177639533360741,0.07529146276345547,0.45224400808961684,0.07464462563481826,0.5,0.6089374760260836,0.06268509378084897,0.4756554307116105,0.11077191452245966,0.34066701588964554,0.05152471083070452,0.5384615384615384,0.09404990403071017
7min,420,price+imbalance,9,0.5001319915464374,0.06520135723454662,0.43883555448469813,0.0742647134952729,0.5,0.6186912300901938,0.05891393442622951,0.4339622641509434,0.10374379792512405,0.3246549012755548,0.052158273381294966,0.5356200527704486,0.09505970498712245
8min,480,price+imbalance,9,0.4721092644978784,0.05859716638415266,0.4253779301209396,0.07264056309276898,0.5,0.628626320845341,0.05469994689325544,0.40234375,0.09630668536699392,0.2995625546806649,0.05151064883605745,0.5459317585301837,0.09413894546277439
7min30s,450,price+imbalance,9,0.4791407522624649,0.06080566474760499,0.4266611154125215,0.07141019344640945,0.5,0.6367127496159755,0.05770277626565052,0.3970037453183521,0.10076045627376426,0.3187620213324008,0.05296664120193532,0.5402597402597402,0.09647495361781076
8min30s,510,price+imbalance,9,0.4793625357258799,0.06410849115310777,0.4131905298759865,0.07134343182063532,0.5,0.6318723567858516,0.05611972207375735,0.41338582677165353,0.0988235294117647,0.294869549991245,0.05241141732283464,0.5475578406169666,0.09566584325174039
2min,120,price+imbalance,9,0.5463952049019393,0.04844642795917542,0.5295389407188607,0.07066553251015309,0.5,0.636519748139668,0.04675876726886291,0.44221105527638194,0.0845747236905334,0.42894325871941696,0.03991533111581494,0.532258064516129,0.07426160337552742
10min,600,price+imbalance,9,0.47453442783631467,0.06983390354888928,0.3913750928231337,0.06882370065165824,0.5,0.634893125361063,0.05655247417074497,0.39245283018867927,0.09885931558935361,0.28040007018775226,0.054197919187031214,0.5384615384615384,0.09848318311716861
9min,540,price+imbalance,9,0.48837567085738315,0.07028425710891156,0.40369622323671406,0.06825076624696191,0.5,0.6283900750144259,0.06144957983193277,0.44656488549618323,0.10803324099722991,0.2973541265113019,0.051796778190830235,0.5318066157760815,0.09439927732610659
1min30s,90,price+imbalance,9,0.5634899199041349,0.047781285677123544,0.5644764247542263,0.06790218531219211,0.4,0.38520213577421814,0.038077969174977334,0.7544910179640718,0.07249712313003452,0.16195595630310386,0.03290934786997779,0.7912621359223301,0.0631905408024811
9min30s,570,price+imbalance,9,0.488595082855511,0.0686791670824266,0.3992125259081255,0.0674373102965768,0.5,0.6376058506543495,0.06121343445287107,0.4296577946768061,0.10715979137031768,0.30019288093985624,0.05298507462686567,0.5365239294710328,0.09644555127914875
6min,360,price+imbalance,9,0.5187229655733593,0.07062045169084373,0.436615526492287,0.06708106001828468,0.5,0.6087789917577152,0.06123456790123457,0.4696969696969697,0.10834425513324596,0.3280404815913453,0.04855371900826446,0.5295774647887324,0.08895197539626212
2min30s,150,price+imbalance,9,0.5357654116974311,0.04351326809847936,0.5154263591633874,0.06689206068461823,0.5,0.6382206949217258,0.05005324813631523,0.4585365853658537,0.09025444071051368,0.38096891821496787,0.04113396331295164,0.5627376425855514,0.07666407666407667
4min,240,price+imbalance,9,0.5310299751714158,0.06048068637046382,0.4716670125125882,0.06522401533362819,0.5,0.6108242493784662,0.05734058329214039,0.47540983606557374,0.1023378914865461,0.34765964851226727,0.045514686424980154,0.5477707006369427,0.08404593207915954
5min,300,price+imbalance,9,0.5111745819955802,0.07083998003020751,0.44971568755606245,0.06496553336808797,0.5,0.6061650392494735,0.058070866141732284,0.4521072796934866,0.10292193632795464,0.3307196375675205,0.045536869340232856,0.5365853658536586,0.08394943954209397
1min,60,price+imbalance,9,0.5861809016308538,0.042877264241175106,0.5859132252705165,0.06486388922331272,0.4,0.46159710310653707,0.03557858376511226,0.7573529411764706,0.06796436819531508,0.18246404435972968,0.028826213189547905,0.7988505747126436,0.055644515612489995
5min30s,330,price+imbalance,9,0.5220269851116626,0.06735038290723826,0.4361947992562971,0.06441363951326601,0.5,0.6061302681992338,0.06023506366307542,0.47307692307692306,0.10686359687228497,0.3213600697471665,0.04559426229508197,0.5174418604651163,0.08380414312617702
3min30s,210,price+imbalance,9,0.543097580912707,0.06058878924830288,0.48606527319398607,0.0642148489513118,0.5,0.6227064220183486,0.0583756345177665,0.49145299145299143,0.10435571687840291,0.3479394887845592,0.044579266684252175,0.569023569023569,0.08268101761252446
4min30s,270,price+imbalance,9,0.5194689565578963,0.0639493472064777,0.45232614924775977,0.06087411204596037,0.5,0.6238040566398775,0.059763008758371976,0.45136186770428016,0.10555050045495905,0.33327529165941144,0.04385054488842761,0.5399361022364217,0.08111351091912647
3min,180,price+imbalance,9,0.5415623577085615,0.05980060384065372,0.48480341256700255,0.05930940286133666,0.5,0.6399235912129895,0.055466666666666664,0.47706422018348627,0.09937888198757763,0.33953084274543877,0.040625,0.5714285714285714,0.07585703865791393
10min,600,price,6,0.41686818488115657,0.14020212689552758,0.2499310651727602,0.04563523047976262,0.6,0.9358752166377816,0.3191489361702128,0.22641509433962265,0.26490066225165565,0.2107387260922969,0.03273809523809524,0.34375,0.059782608695652176
9min30s,570,price,6,0.42131019540165215,0.1414576849304452,0.25620252155014855,0.04385867942367329,0.6,0.9362971516551193,0.3172043010752688,0.22433460076045628,0.26280623608017817,0.24688760301595652,0.031490384615384615,0.32997481108312343,0.057493965328066714
9min,540,price,6,0.43406154183939005,0.14427980781443434,0.254320049492387,0.04316875992941174,0.6,0.9382573571840739,0.3314285714285714,0.22137404580152673,0.2654462242562929,0.2887681794287717,0.03168114460909555,0.3155216284987277,0.05758068260970513
8min30s,510,price,6,0.4233134838541302,0.12892245117393414,0.25481606640331783,0.042589396820520695,0.6,0.9384851980007689,0.3146067415730337,0.2204724409448819,0.25925925925925924,0.2897916301873577,0.03215105894360806,0.32390745501285345,0.0584958217270195
7min30s,450,price,6,0.4411770502415393,0.1385063561403181,0.2611341601780297,0.04248280281039181,0.6,0.9358678955453149,0.3149171270718232,0.21348314606741572,0.2544642857142857,0.292358803986711,0.032192130812468064,0.32727272727272727,0.05861828332170272
8min,480,price,6,0.4238056299252374,0.13003589703904672,0.2574552688787917,0.04187944610131586,0.6,0.9371757925072046,0.3016759776536313,0.2109375,0.2482758620689655,0.2911636045494313,0.030930470347648262,0.31758530183727035,0.056370836245050085
7min,420,price,6,0.4505840435190625,0.1467992362010388,0.2591306503088809,0.04162568753791653,0.6,0.9360967184801382,0.29518072289156627,0.18490566037735848,0.2273781902552204,0.449065175607199,0.037358238825883926,0.2955145118733509,0.06633106307373408
6min30s,390,price,6,0.46336144404091617,0.14811984348788323,0.2572666704915446,0.039946063523823926,0.6,0.9357499041043345,0.3023255813953488,0.1947565543071161,0.23690205011389523,0.4567836563645888,0.032664171486900304,0.26373626373626374,0.05812897366030881
6min,360,price,6,0.46596950730809006,0.15070887093528926,0.2486929388832998,0.03826157733419861,0.6,0.9352118075522331,0.28735632183908044,0.1893939393939394,0.228310502283105,0.45559239225266096,0.029921795307718463,0.24788732394366197,0.05339805825242718
5min30s,330,price,6,0.4590372983870968,0.12756465942094675,0.2518244770569381,0.037591389469759304,0.6,0.9350574712643678,0.2606060606060606,0.16538461538461538,0.2023529411764706,0.45527462946817787,0.028493894165535955,0.2441860465116279,0.05103280680437424
5min,300,price,6,0.45460133026325744,0.12278305029677479,0.2564967590860533,0.03603038320162022,0.6,0.9341374688876125,0.25149700598802394,0.16091954022988506,0.19626168224299065,0.45774525178602543,0.028135593220338984,0.2530487804878049,0.05064063453325198
4min30s,270,price,6,0.466000487066505,0.12024794683039781,0.254261027659612,0.03427926891542464,0.6,0.93398392652124,0.23809523809523808,0.1556420233463035,0.18823529411764706,0.45899355737419467,0.025797691785471828,0.24281150159744408,0.04664007364222154
4min,240,price,6,0.4759113405791144,0.11941824285302488,0.24851520725549575,0.034040841961336436,0.6,0.9361254541977434,0.23529411764705882,0.16393442622950818,0.1932367149758454,0.4574560640334087,0.024423337856173677,0.22929936305732485,0.04414469650521153
3min30s,210,price,6,0.4708627040559814,0.11285803771131923,0.24715712311971938,0.03207756087787464,0.6,0.9365443425076453,0.21511627906976744,0.1581196581196581,0.18226600985221675,0.4590505998956703,0.02305084745762712,0.22895622895622897,0.041884816753926704
3min,180,price,6,0.47028314739061505,0.1162828785405007,0.25342913805153866,0.02987395973360437,0.6,0.9386819484240687,0.2057142857142857,0.1651376146788991,0.183206106870229,0.4625543006081668,0.02332657200811359,0.25274725274725274,0.04271123491179202
2min30s,150,price,6,0.46247110533890956,0.09149071903457837,0.2548853365876877,0.028733392291128132,0.6,0.9400534555173731,0.18497109826589594,0.15609756097560976,0.1693121693121693,0.46396943913873934,0.01874573960463531,0.20912547528517111,0.03440725680325305
2min,120,price,6,0.4675096027539522,0.07884035734080275,0.24522709326470332,0.027160380730042125,0.6,0.9410417859187178,0.16463414634146342,0.135678391959799,0.1487603305785124,0.4688530279368385,0.015167183729748363,0.1774193548387097,0.027945379485550967
1min30s,90,price,6,0.4854545390212288,0.07731548568294166,0.2559712840639474,0.023315428604403242,0.6,0.9458428680396643,0.15384615384615385,0.15568862275449102,0.15476190476190477,0.4740766429686145,0.013759889920880633,0.1941747572815534,0.025698682942499197
1min,60,price,6,0.5403174525533163,0.06939686853455229,0.25549144759405185,0.01955719332477756,0.6,0.942443300933867,0.10849056603773585,0.16911764705882354,0.13218390804597702,0.4760006931207763,0.010645604395604396,0.1781609195402299,0.020090732339598186
